{"accuracy": [0.298721045255661, 0.507736325263977, 0.594490647315979, 0.650299608707428, 0.6882210969924927, 0.7366067171096802, 0.7631696462631226, 0.7912530303001404, 0.8212145566940308, 0.8281906843185425, 0.8468831181526184, 0.8555585145950317, 0.8611036539077759, 0.8743404150009155, 0.8711206316947937, 0.8879348635673523, 0.8831946849822998, 0.8904391527175903, 0.8926751017570496, 0.9046596884727478, 0.9049280285835266, 0.8983096480369568, 0.9051963090896606, 0.9128879308700562, 0.9065378904342651, 0.9172703623771667, 0.9144977927207947, 0.913424551486969, 0.9203112125396729, 0.9172703623771667], "loss": [1.8887890577316284, 1.3751635551452637, 1.1373670101165771, 0.9813727140426636, 0.8886212110519409, 0.7648246884346008, 0.6823473572731018, 0.6088780164718628, 0.5304180979728699, 0.5069263577461243, 0.4457958936691284, 0.4291582703590393, 0.4086011052131653, 0.3708207309246063, 0.38787031173706055, 0.33833664655685425, 0.34528180956840515, 0.33201804757118225, 0.32182687520980835, 0.2893957197666168, 0.28656983375549316, 0.309386670589447, 0.28541842103004456, 0.2628186345100403, 0.2877832055091858, 0.2592855989933014, 0.26204460859298706, 0.26133599877357483, 0.2521893084049225, 0.2547147274017334], "val_accuracy": [0.43347638845443726, 0.5457797050476074, 0.6008583903312683, 0.7052932977676392, 0.6666666865348816, 0.7099427580833435, 0.7396280169487, 0.8158082962036133, 0.818311870098114, 0.8319027423858643, 0.8168812394142151, 0.7875536680221558, 0.8522889614105225, 0.8462088704109192, 0.866237461566925, 0.8851931095123291, 0.8701716661453247, 0.8612303137779236, 0.8708869814872742, 0.8952074646949768, 0.9023604989051819, 0.8655221462249756, 0.9048640727996826, 0.8994992971420288, 0.8501430749893188, 0.8962804079055786, 0.8987839818000793, 0.8991416096687317, 0.8766094446182251, 0.9002146124839783], "val_loss": [1.5513434410095215, 1.256556749343872, 1.1183247566223145, 0.8336957097053528, 0.9373514652252197, 0.8440315127372742, 0.7395234107971191, 0.556157648563385, 0.5535727143287659, 0.5145861506462097, 0.5515139102935791, 0.6576083302497864, 0.45233216881752014, 0.47811803221702576, 0.4248586595058441, 0.33778002858161926, 0.4156193435192108, 0.4223559498786926, 0.4135607182979584, 0.3350923955440521, 0.3112247884273529, 0.4332393407821655, 0.2899947464466095, 0.30442363023757935, 0.4648647904396057, 0.31541678309440613, 0.29145318269729614, 0.31527137756347656, 0.38944166898727417, 0.3164689838886261]}